<?xml version="1.0" encoding="UTF-8" standalone="no"?>
<Packets>
   <Packet id="FAILURE" type="0"/>
   <Packet id="CREATE_SUCCESS" type="77"/>
   <Packet id="CREATE" type="84"/>
   <Packet id="PLAYERSHOOT" type="17"/>
   <Packet id="MOVE" type="60"/>
   <Packet id="PLAYERTEXT" type="92"/>
   <Packet id="TEXT" type="76"/>
   <Packet id="SHOOT2" type="3"/>
   <Packet id="DAMAGE" type="47"/>
   <Packet id="UPDATE" type="14"/>
   <Packet id="UPDATEACK" type="63"/>
   <Packet id="NOTIFICATION" type="41"/>
   <Packet id="NEW_TICK" type="13"/>
   <Packet id="INVSWAP" type="38"/>
   <Packet id="USEITEM" type="82"/>
   <Packet id="SHOW_EFFECT" type="90"/>
   <Packet id="HELLO" type="86"/>
   <Packet id="GOTO" type="9"/>
   <Packet id="INVDROP" type="10"/>
   <Packet id="INVRESULT" type="6"/>
   <Packet id="RECONNECT" type="66"/>
   <Packet id="PING" type="37"/>
   <Packet id="PONG" type="91"/>
   <Packet id="MAPINFO" type="81"/>
   <Packet id="LOAD" type="33"/>
   <Packet id="PIC" type="26"/>
   <Packet id="SETCONDITION" type="40"/>
   <Packet id="TELEPORT" type="50"/>
   <Packet id="USEPORTAL" type="56"/>
   <Packet id="DEATH" type="15"/>
   <Packet id="BUY" type="75"/>
   <Packet id="BUYRESULT" type="27"/>
   <Packet id="AOE" type="96"/>
   <Packet id="GROUNDDAMAGE" type="51"/>
   <Packet id="PLAYERHIT" type="80"/>
   <Packet id="ENEMYHIT" type="23"/>
   <Packet id="AOEACK" type="19"/>
   <Packet id="SHOOTACK" type="1"/>
   <Packet id="OTHERHIT" type="94"/>
   <Packet id="SQUAREHIT" type="74"/>
   <Packet id="GOTOACK" type="59"/>
   <Packet id="EDITACCOUNTLIST" type="24"/>
   <Packet id="ACCOUNTLIST" type="69"/>
   <Packet id="QUESTOBJID" type="46"/>
   <Packet id="CHOOSENAME" type="8"/>
   <Packet id="NAMERESULT" type="39"/>
   <Packet id="CREATEGUILD" type="61"/>
   <Packet id="CREATEGUILDRESULT" type="65"/>
   <Packet id="GUILDREMOVE" type="44"/>
   <Packet id="GUILDINVITE" type="55"/>
   <Packet id="ALLYSHOOT" type="48"/>
   <Packet id="SHOOT" type="34"/>
   <Packet id="REQUESTTRADE" type="21"/>
   <Packet id="TRADEREQUESTED" type="18"/>
   <Packet id="TRADESTART" type="22"/>
   <Packet id="CHANGETRADE" type="12"/>
   <Packet id="TRADECHANGED" type="4"/>
   <Packet id="ACCEPTTRADE" type="53"/>
   <Packet id="CANCELTRADE" type="95"/>
   <Packet id="TRADEDONE" type="30"/>
   <Packet id="TRADEACCEPTED" type="16"/>
   <Packet id="CLIENTSTAT" type="42"/>
   <Packet id="CHECKCREDITS" type="58"/>
   <Packet id="ESCAPE" type="31"/>
   <Packet id="FILE" type="87"/>
   <Packet id="INVITEDTOGUILD" type="36"/>
   <Packet id="JOINGUILD" type="45"/>
   <Packet id="CHANGEGUILDRANK" type="68"/>
   <Packet id="PLAYSOUND" type="78"/>
   <Packet id="GLOBAL_NOTIFICATION" type="28"/>
   <Packet id="RESKIN" type="7"/>
   <Packet id="_-1AY" type="83"/>
   <Packet id="_-08v" type="67"/>
   <Packet id="_-09a" type="20"/>
   <Packet id="_-1HE" type="64"/>
   <Packet id="_-1pO" type="62"/>
   <Packet id="_-1ZL" type="89"/>
   <Packet id="_-1tR" type="11"/>
   <Packet id="_-1La" type="57"/>
   <Packet id="ENTER_ARENA" type="88"/>
   <Packet id="_-1lD" type="85"/>
   <Packet id="_-0HO" type="98"/>
   <Packet id="_-Bb" type="79"/>
   <Packet id="_-bS" type="5"/>
   <Packet id="_-0D1" type="52"/>
   <Packet id="_-eT" type="93"/>
   <Packet id="_-17q" type="49"/>
   <Packet id="_-xj" type="25"/>
   <Packet id="_-PM" type="35"/>
   <Packet id="_-iL" type="97"/>
</Packets>
